{
       "train_2.jpg": {
              "ratio": 0.75,
              "pixels": 6016000,
              "thread_time": 2.8040812599999896,
              "matches_good_ratio": 0.007232546459065796,
              "localization_error_l1_mean": 5.547195714046543,
              "localization_error_l2_mean": 60.43278084714549,
              "loc_error_norm_of_homography_matrix": 2687.915785834188
       },
       "train_3.jpg": {
              "ratio": 0.75,
              "pixels": 1689600,
              "thread_time": 0.6163975979999918,
              "matches_good_ratio": 0.014799933031977231,
              "localization_error_l1_mean": 6.627925665494726,
              "localization_error_l2_mean": 92.49439142809308,
              "loc_error_norm_of_homography_matrix": 728.8387020823884
       },
       "train_4.jpg": {
              "ratio": 0.75,
              "pixels": 298820,
              "thread_time": 0.15738800799999808,
              "matches_good_ratio": 0.004989117696300017,
              "localization_error_l1_mean": 7.000100452034154,
              "localization_error_l2_mean": 91.05548300686422,
              "loc_error_norm_of_homography_matrix": 547.8982883279839
       },
       "train_5.jpg": {
              "ratio": 0.75,
              "pixels": 471447,
              "thread_time": 0.17002884800000118,
              "matches_good_ratio": 0.0051900217646074,
              "localization_error_l1_mean": 7.103867403314917,
              "localization_error_l2_mean": 93.62072660304705,
              "loc_error_norm_of_homography_matrix": 511.72789385789855
       }
}