{
    "train_2.jpg": {
        "ratio": 0.6,
        "shape": [
            3008,
            2000,
            3
        ],
        "thread_time": 4.192312081000001,
        "matches_good_ratio": 0.00039023302486341843,
        "localization_error_abs_mean": 12.289054500470527,
        "loc_error_norm_of_homography_matrix": 2108.19372340798
    },
    "train_3.jpg": {
        "ratio": 0.6,
        "shape": [
            1600,
            1056,
            3
        ],
        "thread_time": 1.0161035109999972,
        "matches_good_ratio": 0.002522577767867098,
        "localization_error_abs_mean": 14.039985614844237,
        "loc_error_norm_of_homography_matrix": 736.4882436758825
    },
    "train_4.jpg": {
        "ratio": 0.6,
        "shape": [
            446,
            670,
            3
        ],
        "thread_time": 0.24854402799999775,
        "matches_good_ratio": 0.00012543204370609877,
        "localization_error_abs_mean": 15.267432412517444,
        "loc_error_norm_of_homography_matrix": 61.520878679419184
    },
    "train_5.jpg": {
        "ratio": 0.6,
        "shape": [
            513,
            919,
            3
        ],
        "thread_time": 0.23328018300000153,
        "matches_good_ratio": 0.00013936893745122088,
        "localization_error_abs_mean": 15.324373105308897,
        "loc_error_norm_of_homography_matrix": 464.4415655354821
    }
}