{
    "sandglass_10.jpg": {
        "ratio": 0.75,
        "pixels": 16064064,
        "thread_time": 2.5399861160000228,
        "matches_good_ratio": 0.05894736842105263,
        "localization_error_l1_mean": 19.538327620656865,
        "localization_error_l2_mean": 894.5556699184009
    },
    "sandglass_11.jpg": {
        "ratio": 0.75,
        "pixels": 16064064,
        "thread_time": 2.4997360510000135,
        "matches_good_ratio": 0.05052631578947368,
        "localization_error_l1_mean": 19.04614423249897,
        "localization_error_l2_mean": 862.5517979725287
    },
    "sandglass_12.jpg": {
        "ratio": 0.75,
        "pixels": 16064064,
        "thread_time": 2.556157741999982,
        "matches_good_ratio": 0.04421052631578947,
        "localization_error_l1_mean": 20.093923877916836,
        "localization_error_l2_mean": 952.9416459792486
    },
    "sandglass_13.jpg": {
        "ratio": 0.75,
        "pixels": 16064064,
        "thread_time": 2.5053156099999683,
        "matches_good_ratio": 0.1031578947368421,
        "localization_error_l1_mean": 31.22145119114926,
        "localization_error_l2_mean": 1721.2153508600504
    },
    "sandglass_14.jpg": {
        "ratio": 0.75,
        "pixels": 16064064,
        "thread_time": 2.557815554000001,
        "matches_good_ratio": 0.2168421052631579,
        "localization_error_l1_mean": 45.37704030890214,
        "localization_error_l2_mean": 3921.9809967212186
    },
    "sandglass_15.jpg": {
        "ratio": 0.75,
        "pixels": 16064064,
        "thread_time": 2.539661950999971,
        "matches_good_ratio": 0.05473684210526316,
        "localization_error_l1_mean": 22.11071322792455,
        "localization_error_l2_mean": 1180.134363801342
    },
    "sandglass_16.jpg": {
        "ratio": 0.75,
        "pixels": 16064064,
        "thread_time": 2.519921979000003,
        "matches_good_ratio": 0.07789473684210527,
        "localization_error_l1_mean": 38.319250761333265,
        "localization_error_l2_mean": 3011.5889722225907
    },
    "sandglass_17.jpg": {
        "ratio": 0.75,
        "pixels": 16064064,
        "thread_time": 2.5316404539999553,
        "matches_good_ratio": 0.06315789473684211,
        "localization_error_l1_mean": 34.110027016087585,
        "localization_error_l2_mean": 2274.4808755426634
    },
    "sandglass_19.jpg": {
        "ratio": 0.75,
        "pixels": 16064064,
        "thread_time": 2.5237401370000043,
        "matches_good_ratio": 0.10736842105263159,
        "localization_error_l1_mean": 34.419669928299754,
        "localization_error_l2_mean": 2544.181508031974
    },
    "sandglass_2.jpg": {
        "ratio": 0.75,
        "pixels": 16064064,
        "thread_time": 2.561792792999995,
        "matches_good_ratio": 0.04,
        "localization_error_l1_mean": 19.429099940249795,
        "localization_error_l2_mean": 735.9543577411772
    },
    "sandglass_20.jpg": {
        "ratio": 0.75,
        "pixels": 16064064,
        "thread_time": 2.538307584999984,
        "matches_good_ratio": 0.01263157894736842,
        "localization_error_l1_mean": 23.622876538728413,
        "localization_error_l2_mean": 1042.1321615492966
    },
    "sandglass_21.jpg": {
        "ratio": 0.75,
        "pixels": 16064064,
        "thread_time": 2.570829181000022,
        "matches_good_ratio": 0.07157894736842105,
        "localization_error_l1_mean": 43.20281352796053,
        "localization_error_l2_mean": 3166.4836647272186
    },
    "sandglass_22.jpg": {
        "ratio": 0.75,
        "pixels": 16064064,
        "thread_time": 2.5143492690000357,
        "matches_good_ratio": 0.042105263157894736,
        "localization_error_l1_mean": 27.198188508686265,
        "localization_error_l2_mean": 1417.4922942290968
    },
    "sandglass_23.jpg": {
        "ratio": 0.75,
        "pixels": 16064064,
        "thread_time": 2.623533277999968,
        "matches_good_ratio": 0.10526315789473684,
        "localization_error_l1_mean": 43.87254256399054,
        "localization_error_l2_mean": 3964.900732720602
    },
    "sandglass_24.jpg": {
        "ratio": 0.75,
        "pixels": 16064064,
        "thread_time": 2.5340065080000045,
        "matches_good_ratio": 0.03368421052631579,
        "localization_error_l1_mean": 32.477677740799756,
        "localization_error_l2_mean": 1896.7834365089977
    },
    "sandglass_25.jpg": {
        "ratio": 0.75,
        "pixels": 16064064,
        "thread_time": 2.554721951000033,
        "matches_good_ratio": 0.037894736842105266,
        "localization_error_l1_mean": 25.19327487343236,
        "localization_error_l2_mean": 1312.5258815828877
    },
    "sandglass_26.jpg": {
        "ratio": 0.75,
        "pixels": 16064064,
        "thread_time": 2.5278596429999993,
        "matches_good_ratio": 0.05052631578947368,
        "localization_error_l1_mean": 30.96730886358964,
        "localization_error_l2_mean": 1833.3226563638223
    },
    "sandglass_27.jpg": {
        "ratio": 0.75,
        "pixels": 16064064,
        "thread_time": 2.5671214509999913,
        "matches_good_ratio": 0.12210526315789473,
        "localization_error_l1_mean": 48.1848831979852,
        "localization_error_l2_mean": 4544.695847790592
    },
    "sandglass_29.jpg": {
        "ratio": 0.75,
        "pixels": 16064064,
        "thread_time": 2.498071273999983,
        "matches_good_ratio": 0.09473684210526316,
        "localization_error_l1_mean": 41.29438743189762,
        "localization_error_l2_mean": 3166.855275678543
    },
    "sandglass_3.jpg": {
        "ratio": 0.75,
        "pixels": 16064064,
        "thread_time": 2.5472449929999925,
        "matches_good_ratio": 0.037894736842105266,
        "localization_error_l1_mean": 17.99884376927426,
        "localization_error_l2_mean": 727.8695219239855
    },
    "sandglass_30.jpg": {
        "ratio": 0.75,
        "pixels": 16064064,
        "thread_time": 2.556190812000011,
        "matches_good_ratio": 0.04,
        "localization_error_l1_mean": 37.88845182719984,
        "localization_error_l2_mean": 2832.6835989364336
    },
    "sandglass_31.jpg": {
        "ratio": 0.75,
        "pixels": 16064064,
        "thread_time": 2.5744085029999724,
        "matches_good_ratio": 0.07157894736842105,
        "localization_error_l1_mean": 28.733734227230673,
        "localization_error_l2_mean": 2039.0542744675195
    },
    "sandglass_32.jpg": {
        "ratio": 0.75,
        "pixels": 16064064,
        "thread_time": 2.535374644000001,
        "matches_good_ratio": 0.08842105263157894,
        "localization_error_l1_mean": 35.14215688605058,
        "localization_error_l2_mean": 3462.66061045523
    },
    "sandglass_33.jpg": {
        "ratio": 0.75,
        "pixels": 16064064,
        "thread_time": 2.572263324000005,
        "matches_good_ratio": 0.05473684210526316,
        "localization_error_l1_mean": 23.592289027163858,
        "localization_error_l2_mean": 987.8826094679644
    },
    "sandglass_34.jpg": {
        "ratio": 0.75,
        "pixels": 16064064,
        "thread_time": 2.597449869000002,
        "matches_good_ratio": 0.09052631578947369,
        "localization_error_l1_mean": 32.604609680175784,
        "localization_error_l2_mean": 2300.9567114965917
    },
    "sandglass_35.jpg": {
        "ratio": 0.75,
        "pixels": 16064064,
        "thread_time": 2.529802071000006,
        "matches_good_ratio": 0.09052631578947369,
        "localization_error_l1_mean": 33.16808294998972,
        "localization_error_l2_mean": 2319.116139078135
    },
    "sandglass_4.jpg": {
        "ratio": 0.75,
        "pixels": 16064064,
        "thread_time": 2.550645572999997,
        "matches_good_ratio": 0.06736842105263158,
        "localization_error_l1_mean": 22.832405692652653,
        "localization_error_l2_mean": 1071.6954285741272
    },
    "sandglass_46.jpg": {
        "ratio": 0.75,
        "pixels": 16064064,
        "thread_time": 2.6206531619999964,