{
    "sandglass_10.jpg": {
        "ratio": 0.75,
        "pixels": 16064064,
        "thread_time": 1.4815821109999945,
        "matches_good_ratio": 0.07674418604651163,
        "localization_error_l1_mean": 8.851162790697675,
        "localization_error_l2_mean": 154.52558139534884
    },
    "sandglass_11.jpg": {
        "ratio": 0.75,
        "pixels": 16064064,
        "thread_time": 1.4747361489999946,
        "matches_good_ratio": 0.07441860465116279,
        "localization_error_l1_mean": 9.195348837209302,
        "localization_error_l2_mean": 163.67906976744186
    },
    "sandglass_12.jpg": {
        "ratio": 0.75,
        "pixels": 16064064,
        "thread_time": 1.4527079199999946,
        "matches_good_ratio": 0.037209302325581395,
        "localization_error_l1_mean": 7.869767441860465,
        "localization_error_l2_mean": 134.77209302325582
    },
    "sandglass_13.jpg": {
        "ratio": 0.75,
        "pixels": 16064064,
        "thread_time": 1.4772135030000015,
        "matches_good_ratio": 0.027906976744186046,
        "localization_error_l1_mean": 7.27906976744186,
        "localization_error_l2_mean": 103.1906976744186
    },
    "sandglass_14.jpg": {
        "ratio": 0.75,
        "pixels": 16064064,
        "thread_time": 1.4979603100000247,
        "matches_good_ratio": 0.037209302325581395,
        "localization_error_l1_mean": 8.344186046511627,
        "localization_error_l2_mean": 138.4
    },
    "sandglass_15.jpg": {
        "ratio": 0.75,
        "pixels": 16064064,
        "thread_time": 1.4813965380000127,
        "matches_good_ratio": 0.023255813953488372,
        "localization_error_l1_mean": 7.644186046511628,
        "localization_error_l2_mean": 110.44418604651163
    },
    "sandglass_16.jpg": {
        "ratio": 0.75,
        "pixels": 16064064,
        "thread_time": 1.4743842280000194,
        "matches_good_ratio": 0.06976744186046512,
        "localization_error_l1_mean": 12.04186046511628,
        "localization_error_l2_mean": 334.646511627907
    },
    "sandglass_17.jpg": {
        "ratio": 0.75,
        "pixels": 16064064,
        "thread_time": 1.463320968000005,
        "matches_good_ratio": 0.09302325581395349,
        "localization_error_l1_mean": 15.376744186046512,
        "localization_error_l2_mean": 536.2046511627907
    },
    "sandglass_19.jpg": {
        "ratio": 0.75,
        "pixels": 16064064,
        "thread_time": 1.4666665669999759,
        "matches_good_ratio": 0.027906976744186046,
        "localization_error_l1_mean": 9.95813953488372,
        "localization_error_l2_mean": 196.46511627906978
    },
    "sandglass_2.jpg": {
        "ratio": 0.75,
        "pixels": 16064064,
        "thread_time": 1.4769354819999876,
        "matches_good_ratio": 0.06511627906976744,
        "localization_error_l1_mean": 8.37906976744186,
        "localization_error_l2_mean": 136.93255813953488
    },
    "sandglass_20.jpg": {
        "ratio": 0.75,
        "pixels": 16064064,
        "thread_time": 1.4642968549999864,
        "matches_good_ratio": 0.027906976744186046,
        "localization_error_l1_mean": 9.711627906976744,
        "localization_error_l2_mean": 171.353488372093
    },
    "sandglass_21.jpg": {
        "ratio": 0.75,
        "pixels": 16064064,
        "thread_time": 1.4821982180000077,
        "matches_good_ratio": 0.011627906976744186,
        "localization_error_l1_mean": 9.383720930232558,
        "localization_error_l2_mean": 154.40697674418604
    },
    "sandglass_22.jpg": {
        "ratio": 0.75,
        "pixels": 16064064,
        "thread_time": 1.4647264740000026,
        "matches_good_ratio": 0.020930232558139535,
        "localization_error_l1_mean": 8.406976744186046,
        "localization_error_l2_mean": 136.61162790697674
    },
    "sandglass_23.jpg": {
        "ratio": 0.75,
        "pixels": 16064064,
        "thread_time": 1.4771932849999985,
        "matches_good_ratio": 0.046511627906976744,
        "localization_error_l1_mean": 14.837209302325581,
        "localization_error_l2_mean": 392.95348837209303
    },
    "sandglass_24.jpg": {
        "ratio": 0.75,
        "pixels": 16064064,
        "thread_time": 1.457413764000023,
        "matches_good_ratio": 0.009302325581395349,
        "localization_error_l1_mean": 7.565116279069767,
        "localization_error_l2_mean": 107.21162790697674
    },
    "sandglass_25.jpg": {
        "ratio": 0.75,
        "pixels": 16064064,
        "thread_time": 1.466534079000013,
        "matches_good_ratio": 0.03953488372093023,
        "localization_error_l1_mean": 9.867441860465116,
        "localization_error_l2_mean": 189.3
    },
    "sandglass_26.jpg": {
        "ratio": 0.75,
        "pixels": 16064064,
        "thread_time": 1.4632501580000223,
        "matches_good_ratio": 0.03255813953488372,
        "localization_error_l1_mean": 8.469767441860466,
        "localization_error_l2_mean": 142.2046511627907
    },
    "sandglass_27.jpg": {
        "ratio": 0.75,
        "pixels": 16064064,
        "thread_time": 1.4743111629999817,
        "matches_good_ratio": 0.004651162790697674,
        "localization_error_l1_mean": 10.772093023255813,
        "localization_error_l2_mean": 207.7674418604651
    },
    "sandglass_29.jpg": {
        "ratio": 0.75,
        "pixels": 16064064,
        "thread_time": 1.4600096620000045,
        "matches_good_ratio": 0.02558139534883721,
        "localization_error_l1_mean": 9.288372093023256,
        "localization_error_l2_mean": 164.26046511627908
    },
    "sandglass_3.jpg": {
        "ratio": 0.75,
        "pixels": 16064064,
        "thread_time": 1.461826254999977,
        "matches_good_ratio": 0.04186046511627907,
        "localization_error_l1_mean": 8.255813953488373,
        "localization_error_l2_mean": 136.82790697674417
    },
    "sandglass_30.jpg": {
        "ratio": 0.75,
        "pixels": 16064064,
        "thread_time": 1.4737188369999785,
        "matches_good_ratio": 0.046511627906976744,
        "localization_error_l1_mean": 14.52093023255814,
        "localization_error_l2_mean": 375.68837209302325
    },
    "sandglass_31.jpg": {
        "ratio": 0.75,
        "pixels": 16064064,
        "thread_time": 1.470319748999998,
        "matches_good_ratio": 0.02558139534883721,
        "localization_error_l1_mean": 9.465116279069768,
        "localization_error_l2_mean": 169.9860465116279
    },
    "sandglass_32.jpg": {
        "ratio": 0.75,
        "pixels": 16064064,
        "thread_time": 1.4753999860000135,
        "matches_good_ratio": 0.011627906976744186,
        "localization_error_l1_mean": 7.623255813953488,
        "localization_error_l2_mean": 109.31162790697674
    },
    "sandglass_33.jpg": {
        "ratio": 0.75,
        "pixels": 16064064,
        "thread_time": 1.4793974540000363,
        "matches_good_ratio": 0.020930232558139535,
        "localization_error_l1_mean": 7.6976744186046515,
        "localization_error_l2_mean": 110.08372093023256
    },
    "sandglass_34.jpg": {
        "ratio": 0.75,
        "pixels": 16064064,
        "thread_time": 1.4725147980000202,
        "matches_good_ratio": 0.018604651162790697,
        "localization_error_l1_mean": 7.504651162790697,
        "localization_error_l2_mean": 108.79302325581395
    },
    "sandglass_35.jpg": {
        "ratio": 0.75,
        "pixels": 16064064,
        "thread_time": 1.4614496860000372,
        "matches_good_ratio": 0.020930232558139535,
        "localization_error_l1_mean": 8.169767441860465,
        "localization_error_l2_mean": 120.92790697674418
    },
    "sandglass_4.jpg": {
        "ratio": 0.75,
        "pixels": 16064064,
        "thread_time": 1.467055130999995,
        "matches_good_ratio": 0.05813953488372093,
        "localization_error_l1_mean": 8.488372093023257,
        "localization_error_l2_mean": 139.73953488372092
    },
    "sandglass_46.jpg": {
        "ratio": 0.75,
        "pixels": 16064064,
        "thread_time": 1.5195271980000484,